Positive sentiment score,Negative sentiment score
0.0619658119658,0.0106837606838
0.00666666666667,0.015
