Positive sentiment score,Negative sentiment score
0.0402777777778,0.00694444444444
0.00625,0.0140625
